{"cameraMode":{"drawMode":0,"name":"Shaded","section":"Shading Mode"},"sceneLighting":false,"audioPlay":false,"sceneViewState":{"m_AlwaysRefresh":false,"showFog":true,"showSkybox":false,"showFlares":true,"showImageEffects":true,"showParticleSystems":true,"showVisualEffectGraphs":true,"m_FxEnabled":false},"in2DMode":false,"pivot":{"x":0.000010967254638671875,"y":2.9107260704040529,"z":-0.0000019073486328125},"rotation":{"x":-0.08145134150981903,"y":0.8599284887313843,"z":-0.48265206813812258,"w":-0.14580096304416657},"size":9.928208351135254,"orthographic":false}