{"cameraMode":{"drawMode":0,"name":"Shaded","section":"Shading Mode"},"sceneLighting":false,"audioPlay":false,"sceneViewState":{"m_AlwaysRefresh":false,"showFog":true,"showSkybox":false,"showFlares":true,"showImageEffects":true,"showParticleSystems":true,"showVisualEffectGraphs":true,"m_FxEnabled":false},"in2DMode":false,"pivot":{"x":-0.00002002716064453125,"y":9.478672981262207,"z":0.0000057220458984375},"rotation":{"x":-0.611468493938446,"y":0.06362026184797287,"z":-0.04949358105659485,"w":-0.7872280478477478},"size":16.983007431030275,"orthographic":false}