{"cameraMode":{"drawMode":0,"name":"Shaded","section":"Shading Mode"},"sceneLighting":true,"audioPlay":false,"sceneViewState":{"m_AlwaysRefresh":false,"showFog":true,"showSkybox":true,"showFlares":true,"showImageEffects":true,"showParticleSystems":true,"showVisualEffectGraphs":true,"m_FxEnabled":false},"in2DMode":false,"pivot":{"x":-0.548764169216156,"y":2.668473482131958,"z":-11.898284912109375},"rotation":{"x":-0.4075356721878052,"y":-0.015434309840202332,"z":0.006888933479785919,"w":-0.9130537509918213},"size":0.9457213878631592,"orthographic":false}